project_id,scheme_id,location_id,beneficiary_count,beneficiary_category,financial_year,source_id
1,1,1,7456,BPL Families,2023-24,SRC-9928
2,2,2,24812,SC/ST,2022-23,SRC-6881
3,3,3,50907,Children,2022-23,SRC-1750
4,4,4,19217,BPL Families,2023-24,SRC-9751
5,4,5,83194,SC/ST,2021-22,SRC-2084
6,5,6,112811,BPL Families,2021-22,SRC-6930
7,5,7,123196,BPL Families,2022-23,SRC-1188
8,4,8,64584,BPL Families,2023-24,SRC-9317
8,4,8,69001,SC/ST,2023-24,SRC-9317
9,6,9,81112,Women,2021-22,SRC-4946
10,6,10,56021,BPL Families,2021-22,SRC-6107
11,2,11,10553,Farmers,2022-23,SRC-2160
11,2,11,7615,SC/ST,2022-23,SRC-2160
12,6,12,93376,SC/ST,2022-23,SRC-8651
13,3,13,121775,Women,2023-24,SRC-8260
14,3,14,43658,SC/ST,2021-22,SRC-7396
15,7,15,71521,Women,2022-23,SRC-1936
15,7,15,71112,SC/ST,2022-23,SRC-1936
16,6,16,56827,Women,2022-23,SRC-1651
16,6,16,49520,Farmers,2022-23,SRC-1651
17,6,17,35557,Farmers,2022-23,SRC-8508
17,6,17,47826,BPL Families,2022-23,SRC-8508
18,6,18,74879,Women,2021-22,SRC-2697
18,6,18,64279,SC/ST,2021-22,SRC-2697
19,5,19,5727,Farmers,2021-22,SRC-5533
19,5,19,8089,SC/ST,2021-22,SRC-5533
20,1,20,39573,BPL Families,2022-23,SRC-7049
21,6,21,147270,SC/ST,2022-23,SRC-4878
22,3,22,28836,SC/ST,2023-24,SRC-8711
23,5,23,73670,Farmers,2023-24,SRC-9785
24,7,24,50328,Farmers,2021-22,SRC-8144
25,1,25,78004,BPL Families,2022-23,SRC-4143
26,2,26,84975,SC/ST,2023-24,SRC-8244
27,4,27,21772,Farmers,2022-23,SRC-5011
27,4,27,17355,Women,2022-23,SRC-5011
28,2,28,28441,SC/ST,2022-23,SRC-3881
29,3,29,83677,SC/ST,2021-22,SRC-9976
30,2,30,71728,Farmers,2023-24,SRC-9849
31,1,31,102599,BPL Families,2021-22,SRC-7232
32,2,32,106489,Children,2023-24,SRC-8657
33,5,33,88973,SC/ST,2023-24,SRC-7906
34,7,34,63033,Women,2022-23,SRC-2874
35,5,35,35500,SC/ST,2023-24,SRC-6111
35,5,35,46536,Farmers,2023-24,SRC-6111
36,6,36,32233,BPL Families,2022-23,SRC-6688
37,6,37,121017,Children,2023-24,SRC-8135
38,5,38,122320,BPL Families,2022-23,SRC-6511
39,1,39,72922,BPL Families,2023-24,SRC-9464
40,5,40,80770,Children,2021-22,SRC-8753
41,6,41,49035,Women,2022-23,SRC-8933
42,7,42,72226,Farmers,2021-22,SRC-5658
42,7,42,56954,Women,2021-22,SRC-5658
43,2,43,14553,Women,2022-23,SRC-5978
44,1,44,16289,BPL Families,2021-22,SRC-4404
45,4,45,76024,Children,2021-22,SRC-8438
46,1,46,9952,Farmers,2023-24,SRC-6039
46,1,46,9267,SC/ST,2023-24,SRC-6039
47,6,47,35131,Farmers,2022-23,SRC-4750
47,6,47,31001,SC/ST,2022-23,SRC-4750
48,4,48,24418,SC/ST,2023-24,SRC-7690
49,7,49,106452,BPL Families,2023-24,SRC-9889
50,2,50,76005,SC/ST,2021-22,SRC-2989
51,1,51,133897,Children,2023-24,SRC-7807
52,3,52,18800,Farmers,2022-23,SRC-6568
53,3,53,142956,SC/ST,2023-24,SRC-6272
54,3,54,40373,SC/ST,2023-24,SRC-3068
55,6,55,89251,BPL Families,2023-24,SRC-2315
56,3,56,75834,Women,2023-24,SRC-8110
57,1,57,47700,Women,2022-23,SRC-2293
58,6,58,122463,Farmers,2022-23,SRC-2210
59,7,59,78061,Children,2023-24,SRC-1359
60,3,60,92858,Women,2022-23,SRC-5106
61,4,61,53137,Women,2023-24,SRC-9697
62,6,62,59643,Children,2023-24,SRC-6992
63,1,63,50940,BPL Families,2021-22,SRC-8724
63,1,63,46939,SC/ST,2021-22,SRC-8724
64,1,64,53176,Farmers,2023-24,SRC-4846
64,1,64,76462,BPL Families,2023-24,SRC-4846
65,6,65,128779,BPL Families,2022-23,SRC-5583
66,1,66,32523,SC/ST,2021-22,SRC-4475
67,4,67,1243,Farmers,2021-22,SRC-3129
68,6,68,110852,BPL Families,2023-24,SRC-2041
69,2,69,137195,Farmers,2023-24,SRC-1510
70,1,70,16834,BPL Families,2023-24,SRC-5505
70,1,70,22550,Women,2023-24,SRC-5505
71,4,71,113240,SC/ST,2022-23,SRC-7779
72,7,72,57884,BPL Families,2022-23,SRC-2398
72,7,72,66942,Farmers,2022-23,SRC-2398
73,1,73,108191,Farmers,2021-22,SRC-1842
74,7,74,112989,BPL Families,2022-23,SRC-5381
75,1,75,4020,Women,2022-23,SRC-7163
75,1,75,4516,SC/ST,2022-23,SRC-7163
76,2,76,13544,Children,2022-23,SRC-5458
77,2,77,128067,BPL Families,2022-23,SRC-1744
78,5,78,2526,SC/ST,2022-23,SRC-3878
79,5,79,20911,Farmers,2022-23,SRC-7626
80,4,80,28251,Women,2022-23,SRC-7560
81,6,81,39216,Women,2022-23,SRC-3399
82,7,82,148478,Children,2021-22,SRC-6179
83,5,83,121543,SC/ST,2021-22,SRC-1932
84,7,84,21343,Women,2021-22,SRC-2695
84,7,84,18704,Farmers,2021-22,SRC-2695
85,4,85,14227,Children,2022-23,SRC-2079
86,7,86,103249,Women,2022-23,SRC-6072
87,6,87,111493,BPL Families,2023-24,SRC-1298
88,7,88,61203,Women,2021-22,SRC-3147
88,7,88,77324,SC/ST,2021-22,SRC-3147
89,6,89,116944,BPL Families,2021-22,SRC-8355
90,5,90,42982,Women,2022-23,SRC-5096
91,1,91,118286,BPL Families,2023-24,SRC-8167
92,1,92,26474,Children,2023-24,SRC-3392
93,5,93,138852,SC/ST,2022-23,SRC-5720
94,5,94,63922,Children,2021-22,SRC-5772
95,1,95,5830,SC/ST,2021-22,SRC-1713
96,4,96,87667,Women,2022-23,SRC-6772
97,6,97,10195,Farmers,2023-24,SRC-1717
98,3,98,13031,Children,2023-24,SRC-5476
99,1,99,63636,SC/ST,2022-23,SRC-3956
99,1,99,48144,Farmers,2022-23,SRC-3956
100,6,100,92921,BPL Families,2022-23,SRC-5498
101,4,101,96530,Farmers,2021-22,SRC-1530
102,6,102,49271,SC/ST,2023-24,SRC-2929
103,7,103,62243,BPL Families,2023-24,SRC-6692
103,7,103,54940,SC/ST,2023-24,SRC-6692
104,4,104,36905,Women,2022-23,SRC-1430
105,7,105,83606,Children,2022-23,SRC-8372
106,4,106,85083,Children,2021-22,SRC-6669
107,6,107,40921,Women,2023-24,SRC-1674
108,3,108,64693,Children,2021-22,SRC-5873
109,2,109,105021,Women,2023-24,SRC-9437
110,6,110,86335,BPL Families,2022-23,SRC-4110
111,3,111,74255,SC/ST,2022-23,SRC-5681
112,6,112,19775,SC/ST,2023-24,SRC-5582
113,3,113,36423,Children,2021-22,SRC-8761
114,6,114,78942,BPL Families,2021-22,SRC-9311
115,3,115,7485,BPL Families,2023-24,SRC-5350
116,4,116,29530,Farmers,2023-24,SRC-6139
116,4,116,20982,Women,2023-24,SRC-6139
117,2,117,125902,BPL Families,2022-23,SRC-6140
118,2,118,78517,Farmers,2022-23,SRC-9011
119,7,119,103924,Farmers,2022-23,SRC-5758
120,1,120,15975,BPL Families,2023-24,SRC-4972
120,1,120,20510,SC/ST,2023-24,SRC-4972
121,1,121,125201,SC/ST,2023-24,SRC-5706
122,7,122,130361,Women,2023-24,SRC-1613
123,1,123,43096,Children,2022-23,SRC-5215
124,4,124,25504,Women,2021-22,SRC-8822
125,5,125,122500,Farmers,2021-22,SRC-7642
126,4,126,109511,Children,2023-24,SRC-9806
127,3,127,144062,BPL Families,2023-24,SRC-9792
128,5,128,61273,Farmers,2022-23,SRC-6049
128,5,128,87052,Women,2022-23,SRC-6049
129,4,129,36001,Children,2022-23,SRC-7135
130,2,130,33883,Children,2023-24,SRC-1056
131,3,131,17183,SC/ST,2022-23,SRC-1256
131,3,131,12898,BPL Families,2022-23,SRC-1256
132,5,132,15296,Women,2021-22,SRC-4836
133,3,133,46410,Children,2022-23,SRC-9120
134,1,134,59572,Farmers,2023-24,SRC-8586
135,6,135,118408,Farmers,2023-24,SRC-9775
136,4,136,55259,Farmers,2021-22,SRC-1251
137,5,137,140393,Children,2023-24,SRC-6053
138,7,138,22635,Farmers,2022-23,SRC-7841
138,7,138,16117,BPL Families,2022-23,SRC-7841
139,7,139,44601,Children,2021-22,SRC-3773
140,4,140,36542,Children,2021-22,SRC-2113
141,4,141,4884,BPL Families,2021-22,SRC-9777
142,7,142,45269,Women,2022-23,SRC-7652
142,7,142,59275,BPL Families,2022-23,SRC-7652
143,2,143,2977,Children,2023-24,SRC-2354
144,2,144,149079,SC/ST,2023-24,SRC-1762
145,1,145,20668,Farmers,2023-24,SRC-4939
146,6,146,6392,SC/ST,2023-24,SRC-4803
146,6,146,8184,Farmers,2023-24,SRC-4803
147,7,147,113706,Women,2023-24,SRC-2404
148,3,148,81310,SC/ST,2023-24,SRC-5419
149,1,149,56425,SC/ST,2021-22,SRC-7779
149,1,149,45062,Women,2021-22,SRC-7779
150,2,150,114447,Farmers,2023-24,SRC-5911
151,2,151,86887,SC/ST,2022-23,SRC-8055
152,3,152,64050,Farmers,2022-23,SRC-5592
153,7,153,107754,Children,2023-24,SRC-3280
154,4,154,110155,BPL Families,2021-22,SRC-6890
155,4,155,134370,Children,2021-22,SRC-8303
156,7,156,9712,BPL Families,2022-23,SRC-6707
156,7,156,13294,SC/ST,2022-23,SRC-6707
157,7,157,90435,Children,2022-23,SRC-3692
158,4,158,59319,Farmers,2022-23,SRC-8365
158,4,158,44880,BPL Families,2022-23,SRC-8365
159,6,159,141242,Women,2022-23,SRC-6340
160,5,160,30445,Farmers,2021-22,SRC-8501
161,6,161,37556,BPL Families,2023-24,SRC-7852
162,6,162,118727,BPL Families,2022-23,SRC-6882
163,1,163,21839,Farmers,2021-22,SRC-4613
163,1,163,22505,Women,2021-22,SRC-4613
164,1,164,96670,BPL Families,2021-22,SRC-8231
165,6,165,62613,Women,2022-23,SRC-8015
166,5,166,135350,Children,2023-24,SRC-3221
167,3,167,103444,SC/ST,2023-24,SRC-5402
168,4,168,119695,SC/ST,2022-23,SRC-1040
169,3,169,143974,BPL Families,2023-24,SRC-8951
170,3,170,53536,Children,2023-24,SRC-5945
171,5,171,113020,Children,2021-22,SRC-2559
172,1,172,60517,SC/ST,2022-23,SRC-2678
173,7,173,92561,Children,2023-24,SRC-3480
174,2,174,113061,Farmers,2023-24,SRC-5059
175,7,175,14804,Women,2021-22,SRC-7322
176,1,176,45790,SC/ST,2022-23,SRC-1273
177,6,177,40524,Farmers,2021-22,SRC-6077
178,1,178,32093,SC/ST,2023-24,SRC-2900
178,1,178,32495,Farmers,2023-24,SRC-2900
179,6,179,68460,Women,2022-23,SRC-3079
180,4,180,15033,SC/ST,2023-24,SRC-7024
181,5,181,39843,Women,2023-24,SRC-7870
182,5,182,122421,Farmers,2021-22,SRC-6362
183,1,183,51728,Children,2021-22,SRC-3466
184,1,184,48592,BPL Families,2021-22,SRC-9680
184,1,184,32520,Women,2021-22,SRC-9680
185,5,185,136751,SC/ST,2022-23,SRC-8511
186,4,186,103510,Children,2022-23,SRC-6211
187,2,187,54930,SC/ST,2021-22,SRC-8591
188,7,188,13332,Children,2021-22,SRC-5262
189,3,189,58771,Women,2021-22,SRC-7563
190,7,190,13774,Women,2022-23,SRC-7471
191,1,191,64931,Children,2023-24,SRC-9173
192,2,192,73273,Women,2021-22,SRC-6883
192,2,192,69743,Farmers,2021-22,SRC-6883
193,2,193,38449,SC/ST,2022-23,SRC-9674
193,2,193,35695,Farmers,2022-23,SRC-9674
194,7,194,46037,Women,2023-24,SRC-6210
195,3,195,9881,SC/ST,2023-24,SRC-4584
195,3,195,14279,Women,2023-24,SRC-4584
196,1,196,42887,Women,2021-22,SRC-3420
196,1,196,42439,SC/ST,2021-22,SRC-3420
197,6,197,115022,Children,2023-24,SRC-6198
198,5,198,103155,BPL Families,2021-22,SRC-3983
199,6,199,23758,Children,2023-24,SRC-8317
200,1,200,109032,SC/ST,2021-22,SRC-6754
201,6,201,11894,Women,2021-22,SRC-3787
201,6,201,16059,Farmers,2021-22,SRC-3787
202,2,202,17746,BPL Families,2023-24,SRC-6424
202,2,202,23937,Farmers,2023-24,SRC-6424
203,5,203,144590,SC/ST,2023-24,SRC-1893
204,7,204,104693,SC/ST,2022-23,SRC-5341
205,1,205,70901,BPL Families,2021-22,SRC-3476
206,3,206,124972,BPL Families,2021-22,SRC-8803
207,7,207,56045,Women,2022-23,SRC-1699
208,2,208,136733,SC/ST,2023-24,SRC-9561
209,3,209,90643,SC/ST,2021-22,SRC-7275
210,4,210,10666,SC/ST,2022-23,SRC-4892
211,4,211,26247,Women,2023-24,SRC-5923
212,4,212,107237,Children,2023-24,SRC-9462
213,3,213,28083,Women,2023-24,SRC-1541
213,3,213,25036,Farmers,2023-24,SRC-1541
214,2,214,124908,BPL Families,2023-24,SRC-6640
215,5,215,107849,BPL Families,2023-24,SRC-1145
216,5,216,136982,BPL Families,2022-23,SRC-2676
217,1,217,78826,Women,2022-23,SRC-9475
218,3,218,9758,BPL Families,2023-24,SRC-6622
219,4,219,34039,Children,2023-24,SRC-3999
220,4,220,14571,Children,2023-24,SRC-8736
221,5,221,28214,Farmers,2023-24,SRC-6449
221,5,221,19565,Women,2023-24,SRC-6449
222,4,222,34422,BPL Families,2022-23,SRC-8035
223,2,223,139707,Women,2023-24,SRC-1067
224,4,224,136890,BPL Families,2021-22,SRC-8105
225,4,225,6244,BPL Families,2022-23,SRC-3017
226,7,226,32899,BPL Families,2022-23,SRC-8772
227,4,227,134608,Children,2021-22,SRC-5631
228,3,228,126503,Farmers,2022-23,SRC-1044
229,1,229,78100,Farmers,2023-24,SRC-1820
230,1,230,45198,Farmers,2023-24,SRC-8171
231,6,231,24795,Women,2023-24,SRC-1960
231,6,231,19425,BPL Families,2023-24,SRC-1960
232,3,232,34750,SC/ST,2021-22,SRC-2850
233,2,233,148614,Women,2021-22,SRC-9504
234,4,234,19208,Women,2022-23,SRC-6253
234,4,234,24651,BPL Families,2022-23,SRC-6253
235,5,235,117696,Farmers,2023-24,SRC-9148
236,4,236,50602,Farmers,2021-22,SRC-8445
236,4,236,45146,BPL Families,2021-22,SRC-8445
237,7,237,77041,BPL Families,2023-24,SRC-2741
238,1,238,12689,Children,2022-23,SRC-8381
239,2,239,15339,Women,2023-24,SRC-6273
239,2,239,18815,SC/ST,2023-24,SRC-6273
240,6,240,108698,BPL Families,2022-23,SRC-9975
241,3,241,47112,BPL Families,2023-24,SRC-2890
242,3,242,14410,Children,2022-23,SRC-4275
243,7,243,147794,Women,2022-23,SRC-4892
244,6,244,116646,Women,2023-24,SRC-9955
245,4,245,146408,Farmers,2023-24,SRC-3636
246,6,246,129094,BPL Families,2021-22,SRC-2194
247,6,247,77458,Women,2023-24,SRC-1144
248,1,248,135993,Farmers,2022-23,SRC-8975
249,1,249,53162,Farmers,2023-24,SRC-9810
249,1,249,58541,Women,2023-24,SRC-9810
250,3,250,47159,Farmers,2023-24,SRC-4729
251,7,251,17077,Children,2022-23,SRC-2189
252,7,252,102996,BPL Families,2022-23,SRC-3360
253,7,253,90638,Women,2023-24,SRC-9397
254,5,254,18158,Farmers,2021-22,SRC-4234
255,4,255,118634,Farmers,2023-24,SRC-3496
256,6,256,121832,SC/ST,2023-24,SRC-6004
257,6,257,133453,Children,2021-22,SRC-7637
258,3,258,35596,SC/ST,2023-24,SRC-7500
259,7,259,38825,Children,2023-24,SRC-6878
260,1,260,10960,Children,2023-24,SRC-2691
261,4,261,58931,BPL Families,2023-24,SRC-6781
262,3,262,49496,Women,2022-23,SRC-2938
263,4,263,42739,Women,2022-23,SRC-3406
264,1,264,57278,SC/ST,2021-22,SRC-8891
265,5,265,18546,Women,2023-24,SRC-7315
266,5,266,54725,BPL Families,2021-22,SRC-8901
266,5,266,77719,Farmers,2021-22,SRC-8901
267,4,267,126885,SC/ST,2023-24,SRC-2600
268,2,268,75485,BPL Families,2021-22,SRC-7144
268,2,268,61995,Farmers,2021-22,SRC-7144
269,5,269,53897,SC/ST,2022-23,SRC-3928
270,7,270,21272,Women,2021-22,SRC-9328
270,7,270,21641,SC/ST,2021-22,SRC-9328
271,2,271,17298,Farmers,2023-24,SRC-7075
272,1,272,136330,Farmers,2023-24,SRC-1550
273,3,273,53010,BPL Families,2022-23,SRC-2124
274,1,274,28409,BPL Families,2023-24,SRC-9243
275,7,275,89540,SC/ST,2023-24,SRC-1448
276,2,276,65579,Farmers,2021-22,SRC-7536
277,4,277,63953,Farmers,2021-22,SRC-4755
278,5,278,97806,BPL Families,2023-24,SRC-9066
279,6,279,46322,SC/ST,2022-23,SRC-9490
280,2,280,90440,Farmers,2023-24,SRC-9171
281,2,281,146079,SC/ST,2022-23,SRC-4212
282,5,282,49195,Farmers,2022-23,SRC-1983
282,5,282,55743,BPL Families,2022-23,SRC-1983
283,5,283,52655,BPL Families,2022-23,SRC-5663
284,7,284,44428,Children,2023-24,SRC-7911
285,4,285,104166,Farmers,2023-24,SRC-6950
286,4,286,21488,Women,2022-23,SRC-7505
287,1,287,81599,Women,2021-22,SRC-5655
288,2,288,35919,Children,2021-22,SRC-8480
289,4,289,96387,SC/ST,2022-23,SRC-3551
290,7,290,26812,SC/ST,2021-22,SRC-4089
290,7,290,34299,BPL Families,2021-22,SRC-4089
291,2,291,135926,BPL Families,2022-23,SRC-5664
292,4,292,13510,BPL Families,2022-23,SRC-4046
293,1,293,97859,SC/ST,2022-23,SRC-6410
294,3,294,101372,SC/ST,2021-22,SRC-1549
295,5,295,11558,Children,2023-24,SRC-5150
296,2,296,38025,BPL Families,2021-22,SRC-8786
296,2,296,26199,SC/ST,2021-22,SRC-8786
297,4,297,80315,BPL Families,2022-23,SRC-8992
297,4,297,60786,SC/ST,2022-23,SRC-8992
298,5,298,10851,SC/ST,2022-23,SRC-5828
299,6,299,145864,Women,2021-22,SRC-9702
300,2,300,63096,Farmers,2023-24,SRC-9830
301,3,301,137653,Children,2021-22,SRC-1717
302,3,302,96537,Women,2021-22,SRC-1214
303,5,303,15783,BPL Families,2023-24,SRC-9667
304,1,304,47397,BPL Families,2023-24,SRC-2728
305,3,305,116632,Farmers,2023-24,SRC-6319
306,3,306,117809,SC/ST,2022-23,SRC-1567
307,6,307,16437,BPL Families,2022-23,SRC-8542
307,6,307,24620,SC/ST,2022-23,SRC-8542
308,7,308,85616,SC/ST,2021-22,SRC-8999
309,3,309,3497,Children,2022-23,SRC-1886
310,7,310,76464,SC/ST,2022-23,SRC-3165
311,7,311,51906,BPL Families,2022-23,SRC-4970
312,1,312,6845,Farmers,2023-24,SRC-6729
313,6,313,29957,Children,2022-23,SRC-4982
314,6,314,137671,Farmers,2023-24,SRC-3315
315,4,315,44099,Farmers,2022-23,SRC-5792
315,4,315,50830,SC/ST,2022-23,SRC-5792
316,2,316,10920,Women,2022-23,SRC-6465
317,2,317,31794,Farmers,2023-24,SRC-7343
317,2,317,41025,BPL Families,2023-24,SRC-7343
318,3,318,40542,SC/ST,2023-24,SRC-6395
319,2,319,38550,Children,2021-22,SRC-6201
320,1,320,72274,Women,2021-22,SRC-2749
321,5,321,35650,BPL Families,2021-22,SRC-7126
322,5,322,108777,Women,2022-23,SRC-4351
323,1,323,82524,SC/ST,2023-24,SRC-9530
324,1,324,13422,Women,2022-23,SRC-8201
325,2,325,143737,Women,2023-24,SRC-7775
326,7,326,43490,Children,2021-22,SRC-2494
327,1,327,45296,Farmers,2023-24,SRC-3656
328,3,328,1426,BPL Families,2021-22,SRC-1200
329,2,329,108018,SC/ST,2023-24,SRC-1107
330,5,330,78734,Farmers,2022-23,SRC-1803
331,2,331,78958,Farmers,2021-22,SRC-7208
332,3,332,6968,SC/ST,2023-24,SRC-8924
332,3,332,8784,BPL Families,2023-24,SRC-8924
333,4,333,47661,BPL Families,2022-23,SRC-5759
334,5,334,3461,Children,2021-22,SRC-5614
335,7,335,89088,Children,2022-23,SRC-8774
336,3,336,83207,BPL Families,2023-24,SRC-4412
337,4,337,31130,Farmers,2023-24,SRC-1518
338,7,338,10302,Women,2021-22,SRC-8270
339,6,339,135804,Children,2023-24,SRC-4361
340,4,340,35601,SC/ST,2022-23,SRC-4438
340,4,340,46813,Farmers,2022-23,SRC-4438
341,7,341,59480,BPL Families,2021-22,SRC-9888
341,7,341,75777,Women,2021-22,SRC-9888
342,7,342,7741,Farmers,2022-23,SRC-1881
342,7,342,5985,BPL Families,2022-23,SRC-1881
343,1,343,80003,Women,2022-23,SRC-3159
343,1,343,60346,BPL Families,2022-23,SRC-3159
344,1,344,95776,SC/ST,2021-22,SRC-6412
345,3,345,106848,Children,2022-23,SRC-6339
346,6,346,113522,SC/ST,2023-24,SRC-9921
347,4,347,117210,Women,2021-22,SRC-7648
348,1,348,38963,Children,2023-24,SRC-8421
349,6,349,23906,BPL Families,2022-23,SRC-9362
350,2,350,83895,Children,2023-24,SRC-7652
351,2,351,18224,Farmers,2023-24,SRC-1257
351,2,351,17476,SC/ST,2023-24,SRC-1257
352,5,352,112095,BPL Families,2023-24,SRC-8444
353,6,353,62562,Children,2022-23,SRC-7731
354,6,354,73748,SC/ST,2021-22,SRC-9574
355,6,355,134891,SC/ST,2021-22,SRC-7897
356,7,356,76981,Children,2022-23,SRC-5699
357,2,357,40119,Children,2021-22,SRC-7058
358,3,358,130509,SC/ST,2021-22,SRC-4898
359,4,359,122138,SC/ST,2023-24,SRC-5937
360,2,360,6398,BPL Families,2022-23,SRC-8074
360,2,360,4854,Farmers,2022-23,SRC-8074
361,6,361,51598,BPL Families,2022-23,SRC-3947
