project_id,scheme_id,financial_year,budget_allocated,amount_released,amount_spent,source_id
1,1,2023-24,438900000,374320000,315410000,SRC-9928
2,2,2022-23,204200000,182640000,135850000,SRC-6881
3,3,2022-23,426140000,414720000,404340000,SRC-1750
4,4,2023-24,433920000,322320000,258900000,SRC-9751
5,4,2021-22,142960000,108350000,77060000,SRC-2084
6,5,2021-22,315810000,274680000,245660000,SRC-6930
7,5,2022-23,206710000,197260000,167530000,SRC-1188
8,4,2023-24,428890000,309820000,265110000,SRC-9317
9,6,2021-22,223050000,161020000,128580000,SRC-4946
10,6,2021-22,96640000,88710000,73660000,SRC-6107
11,2,2022-23,334960000,307150000,245120000,SRC-2160
12,6,2022-23,177770000,143370000,125420000,SRC-8651
13,3,2023-24,161870000,133990000,103360000,SRC-8260
14,3,2021-22,58840000,55670000,53220000,SRC-7396
15,7,2022-23,286340000,216400000,201460000,SRC-1936
16,6,2022-23,32040000,32020000,27850000,SRC-1651
17,6,2022-23,114190000,107140000,77030000,SRC-8508
18,6,2021-22,486190000,379510000,308610000,SRC-2697
19,5,2021-22,189540000,175500000,165360000,SRC-5533
20,1,2022-23,79800000,63590000,45980000,SRC-7049
21,6,2022-23,336850000,247520000,237970000,SRC-4878
22,3,2023-24,409420000,325620000,215970000,SRC-8711
23,5,2023-24,403460000,310720000,252040000,SRC-9785
24,7,2021-22,347020000,272560000,260930000,SRC-8144
25,1,2022-23,42540000,39550000,26400000,SRC-4143
26,2,2023-24,166680000,150990000,131360000,SRC-8244
27,4,2022-23,229210000,227740000,197890000,SRC-5011
28,2,2022-23,206470000,199290000,188510000,SRC-3881
29,3,2021-22,69950000,65290000,44890000,SRC-9976
30,2,2023-24,485390000,393460000,318630000,SRC-9849
31,1,2021-22,371130000,332120000,216170000,SRC-7232
32,2,2023-24,334270000,255520000,170630000,SRC-8657
33,5,2023-24,374720000,359980000,292990000,SRC-7906
34,7,2022-23,45960000,45310000,34000000,SRC-2874
35,5,2023-24,255330000,209000000,145240000,SRC-6111
36,6,2022-23,202350000,187350000,136340000,SRC-6688
37,6,2023-24,315190000,280500000,235510000,SRC-8135
38,5,2022-23,287550000,286130000,216180000,SRC-6511
39,1,2023-24,57330000,54420000,39680000,SRC-9464
40,5,2021-22,257770000,206640000,158910000,SRC-8753
41,6,2022-23,117970000,99620000,74460000,SRC-8933
42,7,2021-22,106910000,82030000,73040000,SRC-5658
43,2,2022-23,234230000,193670000,161310000,SRC-5978
44,1,2021-22,372350000,282990000,201170000,SRC-4404
45,4,2021-22,324250000,288400000,187800000,SRC-8438
46,1,2023-24,229120000,221490000,170950000,SRC-6039
47,6,2022-23,126890000,109810000,73040000,SRC-4750
48,4,2023-24,276290000,200080000,131100000,SRC-7690
49,7,2023-24,486120000,451990000,416440000,SRC-9889
50,2,2021-22,324250000,230960000,180210000,SRC-2989
51,1,2023-24,96090000,72000000,63850000,SRC-7807
52,3,2022-23,109510000,93810000,77200000,SRC-6568
53,3,2023-24,415230000,303240000,263750000,SRC-6272
54,3,2023-24,360580000,337760000,302250000,SRC-3068
55,6,2023-24,445220000,405930000,267810000,SRC-2315
56,3,2023-24,405610000,295380000,253580000,SRC-8110
57,1,2022-23,299110000,238400000,216500000,SRC-2293
58,6,2022-23,92360000,78660000,73220000,SRC-2210
59,7,2023-24,324030000,251200000,236850000,SRC-1359
60,3,2022-23,156240000,153040000,142090000,SRC-5106
61,4,2023-24,478450000,355320000,246140000,SRC-9697
62,6,2023-24,472460000,438580000,287600000,SRC-6992
63,1,2021-22,423460000,379600000,339900000,SRC-8724
64,1,2023-24,332640000,247400000,170210000,SRC-4846
65,6,2022-23,265870000,251210000,187270000,SRC-5583
66,1,2021-22,294840000,264210000,190360000,SRC-4475
67,4,2021-22,298190000,293350000,195070000,SRC-3129
68,6,2023-24,471580000,452010000,427350000,SRC-2041
69,2,2023-24,72360000,65740000,55510000,SRC-1510
70,1,2023-24,60180000,52420000,51070000,SRC-5505
71,4,2022-23,9210000,8720000,7210000,SRC-7779
72,7,2022-23,18210000,16860000,12220000,SRC-2398
73,1,2021-22,324640000,293120000,253660000,SRC-1842
74,7,2022-23,342580000,250540000,206260000,SRC-5381
75,1,2022-23,118150000,112430000,98660000,SRC-7163
76,2,2022-23,397500000,366580000,316290000,SRC-5458
77,2,2022-23,149520000,111580000,88870000,SRC-1744
78,5,2022-23,414170000,397140000,366290000,SRC-3878
79,5,2022-23,485800000,426500000,277850000,SRC-7626
80,4,2022-23,186860000,161320000,134180000,SRC-7560
81,6,2022-23,353530000,262610000,242960000,SRC-3399
82,7,2021-22,125590000,96880000,74310000,SRC-6179
83,5,2021-22,86200000,67950000,65360000,SRC-1932
84,7,2021-22,321480000,320870000,248490000,SRC-2695
85,4,2022-23,17910000,12570000,9650000,SRC-2079
86,7,2022-23,42810000,42320000,36460000,SRC-6072
87,6,2023-24,488230000,429850000,327820000,SRC-1298
88,7,2021-22,426200000,342630000,245830000,SRC-3147
89,6,2021-22,481870000,466330000,353200000,SRC-8355
90,5,2022-23,282820000,245930000,228920000,SRC-5096
91,1,2023-24,200750000,150080000,138790000,SRC-8167
92,1,2023-24,5370000,3970000,2630000,SRC-3392
93,5,2022-23,22720000,21520000,17100000,SRC-5720
94,5,2021-22,417250000,354070000,244050000,SRC-5772
95,1,2021-22,490870000,472450000,373490000,SRC-1713
96,4,2022-23,414250000,308140000,295570000,SRC-6772
97,6,2023-24,174230000,150140000,145380000,SRC-1717
98,3,2023-24,398860000,290630000,234200000,SRC-5476
99,1,2022-23,250410000,236270000,174190000,SRC-3956
100,6,2022-23,312810000,220280000,196960000,SRC-5498
101,4,2021-22,420580000,318690000,253660000,SRC-1530
102,6,2023-24,487530000,411100000,349420000,SRC-2929
103,7,2023-24,173020000,127400000,112050000,SRC-6692
104,4,2022-23,113430000,94360000,85070000,SRC-1430
105,7,2022-23,280220000,256780000,231420000,SRC-8372
106,4,2021-22,58280000,43400000,40650000,SRC-6669
107,6,2023-24,107810000,97310000,91880000,SRC-1674
108,3,2021-22,250770000,218400000,156770000,SRC-5873
109,2,2023-24,128930000,96700000,81430000,SRC-9437
110,6,2022-23,24050000,20600000,13460000,SRC-4110
111,3,2022-23,220460000,205570000,193980000,SRC-5681
112,6,2023-24,109240000,91450000,61390000,SRC-5582
113,3,2021-22,490960000,386400000,272570000,SRC-8761
114,6,2021-22,271170000,221140000,160720000,SRC-9311
115,3,2023-24,332780000,236430000,170700000,SRC-5350
116,4,2023-24,68250000,61940000,46720000,SRC-6139
117,2,2022-23,438230000,351560000,259100000,SRC-6140
118,2,2022-23,274130000,198980000,155190000,SRC-9011
119,7,2022-23,165430000,127790000,97460000,SRC-5758
120,1,2023-24,284120000,237360000,219090000,SRC-4972
121,1,2023-24,151630000,129970000,103200000,SRC-5706
122,7,2023-24,9400000,8460000,7090000,SRC-1613
123,1,2022-23,265750000,258310000,183200000,SRC-5215
124,4,2021-22,294230000,212560000,160290000,SRC-8822
125,5,2021-22,54110000,43880000,29130000,SRC-7642
126,4,2023-24,45870000,39690000,32120000,SRC-9806
127,3,2023-24,68070000,51370000,49030000,SRC-9792
128,5,2022-23,235550000,203690000,166680000,SRC-6049
129,4,2022-23,350210000,343550000,304430000,SRC-7135
130,2,2023-24,189190000,146410000,102150000,SRC-1056
131,3,2022-23,259380000,185560000,154170000,SRC-1256
132,5,2021-22,460820000,340530000,320230000,SRC-4836
133,3,2022-23,300710000,267310000,195480000,SRC-9120
134,1,2023-24,13740000,10510000,7430000,SRC-8586
135,6,2023-24,339770000,338300000,285620000,SRC-9775
136,4,2021-22,188470000,134840000,102260000,SRC-1251
137,5,2023-24,367540000,275990000,244080000,SRC-6053
138,7,2022-23,220320000,167780000,131270000,SRC-7841
139,7,2021-22,187980000,176440000,130150000,SRC-3773
140,4,2021-22,112200000,108020000,87280000,SRC-2113
141,4,2021-22,302250000,275810000,265220000,SRC-9777
142,7,2022-23,269530000,224200000,191540000,SRC-7652
143,2,2023-24,251580000,221830000,194600000,SRC-2354
144,2,2023-24,112210000,85790000,57280000,SRC-1762
145,1,2023-24,180400000,150940000,131270000,SRC-4939
146,6,2023-24,446990000,321380000,248590000,SRC-4803
147,7,2023-24,132170000,109290000,84780000,SRC-2404
148,3,2023-24,225350000,202650000,166230000,SRC-5419
149,1,2021-22,215340000,197450000,137410000,SRC-7779
150,2,2023-24,48310000,42440000,38930000,SRC-5911
151,2,2022-23,313050000,238480000,212630000,SRC-8055
152,3,2022-23,471200000,415760000,327520000,SRC-5592
153,7,2023-24,414860000,291050000,236270000,SRC-3280
154,4,2021-22,472450000,451080000,435000000,SRC-6890
155,4,2021-22,101610000,93200000,89600000,SRC-8303
156,7,2022-23,71100000,61880000,43910000,SRC-6707
157,7,2022-23,191200000,181870000,164490000,SRC-3692
158,4,2022-23,141490000,123860000,106090000,SRC-8365
159,6,2022-23,229600000,169590000,140570000,SRC-6340
160,5,2021-22,163300000,156100000,105430000,SRC-8501
161,6,2023-24,492350000,447080000,376380000,SRC-7852
162,6,2022-23,431990000,407420000,395470000,SRC-6882
163,1,2021-22,444350000,351490000,293170000,SRC-4613
164,1,2021-22,14910000,11780000,8370000,SRC-8231
165,6,2022-23,195650000,173770000,158450000,SRC-8015
166,5,2023-24,221380000,175250000,138850000,SRC-3221
167,3,2023-24,126880000,92060000,89280000,SRC-5402
168,4,2022-23,465920000,445330000,328690000,SRC-1040
169,3,2023-24,455920000,345670000,248650000,SRC-8951
170,3,2023-24,132430000,103940000,81570000,SRC-5945
171,5,2021-22,149450000,145940000,134390000,SRC-2559
172,1,2022-23,389490000,384010000,275800000,SRC-2678
173,7,2023-24,217870000,162420000,120430000,SRC-3480
174,2,2023-24,139310000,112630000,104140000,SRC-5059
175,7,2021-22,160980000,135230000,128110000,SRC-7322
176,1,2022-23,175070000,133680000,118150000,SRC-1273
177,6,2021-22,91600000,91230000,69330000,SRC-6077
178,1,2023-24,232770000,173520000,119910000,SRC-2900
179,6,2022-23,103160000,90170000,58990000,SRC-3079
180,4,2023-24,316370000,259180000,212020000,SRC-7024
181,5,2023-24,55600000,39680000,36280000,SRC-7870
182,5,2021-22,212000000,160280000,131960000,SRC-6362
183,1,2021-22,199470000,142560000,122480000,SRC-3466
184,1,2021-22,178980000,143610000,120030000,SRC-9680
185,5,2022-23,103910000,74980000,51100000,SRC-8511
186,4,2022-23,108950000,94580000,83780000,SRC-6211
187,2,2021-22,207890000,152990000,140930000,SRC-8591
188,7,2021-22,358650000,316330000,307150000,SRC-5262
189,3,2021-22,486740000,358030000,269770000,SRC-7563
190,7,2022-23,255030000,216830000,175660000,SRC-7471
191,1,2023-24,481220000,363400000,321580000,SRC-9173
192,2,2021-22,266090000,201130000,191820000,SRC-6883
193,2,2022-23,443580000,367510000,289190000,SRC-9674
194,7,2023-24,176100000,125720000,121010000,SRC-6210
195,3,2023-24,240580000,203060000,170480000,SRC-4584
196,1,2021-22,396940000,290130000,247670000,SRC-3420
197,6,2023-24,203770000,168480000,133670000,SRC-6198
198,5,2021-22,309120000,293090000,214190000,SRC-3983
199,6,2023-24,187370000,170130000,153280000,SRC-8317
200,1,2021-22,440740000,322780000,248810000,SRC-6754
201,6,2021-22,87850000,86180000,80980000,SRC-3787
202,2,2023-24,138190000,136130000,99240000,SRC-6424
203,5,2023-24,213310000,197450000,130220000,SRC-1893
204,7,2022-23,195900000,181920000,174310000,SRC-5341
205,1,2021-22,40080000,34410000,29620000,SRC-3476
206,3,2021-22,120880000,101820000,97020000,SRC-8803
207,7,2022-23,451440000,380990000,347440000,SRC-1699
208,2,2023-24,169300000,135590000,104140000,SRC-9561
209,3,2021-22,398060000,318060000,230740000,SRC-7275
210,4,2022-23,44390000,33470000,32630000,SRC-4892
211,4,2023-24,37370000,32590000,25210000,SRC-5923
212,4,2023-24,448360000,388070000,264070000,SRC-9462
213,3,2023-24,483520000,341810000,229750000,SRC-1541
214,2,2023-24,240870000,184310000,145240000,SRC-6640
215,5,2023-24,483350000,396610000,334720000,SRC-1145
216,5,2022-23,201980000,163600000,115860000,SRC-2676
217,1,2022-23,449210000,343990000,265150000,SRC-9475
218,3,2023-24,214300000,197120000,162190000,SRC-6622
219,4,2023-24,35060000,27290000,19570000,SRC-3999
220,4,2023-24,269190000,227840000,201740000,SRC-8736
221,5,2023-24,24380000,20970000,17580000,SRC-6449
222,4,2022-23,83810000,61270000,49080000,SRC-8035
223,2,2023-24,69150000,51260000,48140000,SRC-1067
224,4,2021-22,51580000,37750000,33290000,SRC-8105
225,4,2022-23,218850000,185430000,139530000,SRC-3017
226,7,2022-23,344540000,285350000,271210000,SRC-8772
227,4,2021-22,51760000,42290000,30480000,SRC-5631
228,3,2022-23,381360000,367990000,291880000,SRC-1044
229,1,2023-24,214640000,188970000,164170000,SRC-1820
230,1,2023-24,379040000,335460000,283560000,SRC-8171
231,6,2023-24,498630000,401950000,301650000,SRC-1960
232,3,2021-22,97690000,96630000,86810000,SRC-2850
233,2,2021-22,181460000,132150000,127780000,SRC-9504
234,4,2022-23,143530000,120240000,114820000,SRC-6253
235,5,2023-24,166480000,164900000,128340000,SRC-9148
236,4,2021-22,198110000,167080000,163640000,SRC-8445
237,7,2023-24,299330000,219270000,164910000,SRC-2741
238,1,2022-23,58400000,45110000,40870000,SRC-8381
239,2,2023-24,226430000,177650000,122490000,SRC-6273
240,6,2022-23,491840000,469290000,309450000,SRC-9975
241,3,2023-24,103800000,88160000,57900000,SRC-2890
242,3,2022-23,53900000,47100000,42880000,SRC-4275
243,7,2022-23,62280000,56970000,47210000,SRC-4892
244,6,2023-24,300880000,213730000,165820000,SRC-9955
245,4,2023-24,318640000,234050000,197880000,SRC-3636
246,6,2021-22,164050000,157020000,153370000,SRC-2194
247,6,2023-24,50230000,39180000,35350000,SRC-1144
248,1,2022-23,129360000,126190000,97760000,SRC-8975
249,1,2023-24,335530000,335110000,290080000,SRC-9810
250,3,2023-24,164450000,152150000,147100000,SRC-4729
251,7,2022-23,382700000,305940000,210960000,SRC-2189
252,7,2022-23,222370000,198940000,146270000,SRC-3360
253,7,2023-24,416710000,296430000,218690000,SRC-9397
254,5,2021-22,176920000,165900000,114580000,SRC-4234
255,4,2023-24,477570000,344440000,299080000,SRC-3496
256,6,2023-24,419250000,389320000,381210000,SRC-6004
257,6,2021-22,244790000,192400000,164110000,SRC-7637
258,3,2023-24,181810000,163980000,155650000,SRC-7500
259,7,2023-24,423830000,402150000,343790000,SRC-6878
260,1,2023-24,409330000,336450000,237750000,SRC-2691
261,4,2023-24,457540000,414120000,292030000,SRC-6781
262,3,2022-23,353310000,278780000,272570000,SRC-2938
263,4,2022-23,48360000,47630000,44400000,SRC-3406
264,1,2021-22,47410000,43880000,35000000,SRC-8891
265,5,2023-24,318270000,306620000,235150000,SRC-7315
266,5,2021-22,199580000,159280000,106540000,SRC-8901
267,4,2023-24,463680000,446520000,358330000,SRC-2600
268,2,2021-22,124760000,90220000,62960000,SRC-7144
269,5,2022-23,284930000,231350000,162100000,SRC-3928
270,7,2021-22,408450000,368320000,317060000,SRC-9328
271,2,2023-24,227420000,187520000,177440000,SRC-7075
272,1,2023-24,115390000,104150000,73800000,SRC-1550
273,3,2022-23,278540000,204970000,156370000,SRC-2124
274,1,2023-24,479950000,362030000,260310000,SRC-9243
275,7,2023-24,393550000,373040000,261950000,SRC-1448
276,2,2021-22,377000000,295630000,230960000,SRC-7536
277,4,2021-22,436350000,313250000,219280000,SRC-4755
278,5,2023-24,82210000,69990000,49030000,SRC-9066
279,6,2022-23,249650000,240340000,222820000,SRC-9490
280,2,2023-24,364480000,286360000,189020000,SRC-9171
281,2,2022-23,492330000,482360000,347190000,SRC-4212
282,5,2022-23,70170000,54170000,42070000,SRC-1983
283,5,2022-23,142620000,103280000,95800000,SRC-5663
284,7,2023-24,150930000,117070000,107920000,SRC-7911
285,4,2023-24,99460000,91980000,61260000,SRC-6950
286,4,2022-23,105450000,96430000,72130000,SRC-7505
287,1,2021-22,327210000,311760000,283160000,SRC-5655
288,2,2021-22,5380000,4350000,3260000,SRC-8480
289,4,2022-23,254370000,185930000,142730000,SRC-3551
290,7,2021-22,34040000,31920000,29160000,SRC-4089
291,2,2022-23,288710000,218350000,171340000,SRC-5664
292,4,2022-23,425410000,309570000,298780000,SRC-4046
293,1,2022-23,216920000,182320000,176960000,SRC-6410
294,3,2021-22,181770000,161810000,128670000,SRC-1549
295,5,2023-24,373640000,324920000,268530000,SRC-5150
296,2,2021-22,435510000,377910000,296850000,SRC-8786
297,4,2022-23,470270000,377060000,276350000,SRC-8992
298,5,2022-23,138190000,97690000,68080000,SRC-5828
299,6,2021-22,310590000,279430000,224540000,SRC-9702
300,2,2023-24,363730000,302360000,231840000,SRC-9830
301,3,2021-22,112380000,79610000,64310000,SRC-1717
302,3,2021-22,433420000,372710000,265010000,SRC-1214
303,5,2023-24,485980000,424660000,388430000,SRC-9667
304,1,2023-24,331200000,236520000,167160000,SRC-2728
305,3,2023-24,110720000,90670000,81650000,SRC-6319
306,3,2022-23,127600000,121400000,97110000,SRC-1567
307,6,2022-23,28280000,22320000,18710000,SRC-8542
308,7,2021-22,55000000,46310000,42610000,SRC-8999
309,3,2022-23,94300000,76500000,68290000,SRC-1886
310,7,2022-23,296210000,291820000,271860000,SRC-3165
311,7,2022-23,484950000,445390000,432590000,SRC-4970
312,1,2023-24,75960000,71710000,59490000,SRC-6729
313,6,2022-23,441540000,332110000,216750000,SRC-4982
314,6,2023-24,239750000,198720000,139280000,SRC-3315
315,4,2022-23,442980000,354940000,344790000,SRC-5792
316,2,2022-23,442680000,358860000,247340000,SRC-6465
317,2,2023-24,403220000,349120000,246340000,SRC-7343
318,3,2023-24,324280000,295680000,239860000,SRC-6395
319,2,2021-22,421620000,413650000,383480000,SRC-6201
320,1,2021-22,236490000,215760000,164200000,SRC-2749
321,5,2021-22,37220000,34330000,23440000,SRC-7126
322,5,2022-23,413550000,403280000,301280000,SRC-4351
323,1,2023-24,232530000,175530000,149330000,SRC-9530
324,1,2022-23,332580000,294940000,219190000,SRC-8201
325,2,2023-24,109780000,98930000,96350000,SRC-7775
326,7,2021-22,425940000,392290000,304230000,SRC-2494
327,1,2023-24,477330000,412510000,383650000,SRC-3656
328,3,2021-22,59060000,48080000,37600000,SRC-1200
329,2,2023-24,29050000,28330000,19400000,SRC-1107
330,5,2022-23,226150000,182430000,158040000,SRC-1803
331,2,2021-22,411340000,353700000,274690000,SRC-7208
332,3,2023-24,6660000,6420000,5890000,SRC-8924
333,4,2022-23,401300000,304600000,205170000,SRC-5759
334,5,2021-22,133620000,99980000,79390000,SRC-5614
335,7,2022-23,129720000,117420000,111890000,SRC-8774
336,3,2023-24,468110000,382760000,264660000,SRC-4412
337,4,2023-24,360390000,339370000,294610000,SRC-1518
338,7,2021-22,47760000,39760000,32150000,SRC-8270
339,6,2023-24,409530000,306590000,283590000,SRC-4361
340,4,2022-23,152370000,139270000,92970000,SRC-4438
341,7,2021-22,462860000,325570000,245370000,SRC-9888
342,7,2022-23,256790000,197320000,162140000,SRC-1881
343,1,2022-23,33880000,28170000,24160000,SRC-3159
344,1,2021-22,472020000,370420000,315220000,SRC-6412
345,3,2022-23,336250000,256810000,193050000,SRC-6339
346,6,2023-24,492430000,392420000,346450000,SRC-9921
347,4,2021-22,339830000,303490000,250030000,SRC-7648
348,1,2023-24,124970000,105940000,92770000,SRC-8421
349,6,2022-23,387530000,342900000,251250000,SRC-9362
350,2,2023-24,131830000,107230000,82230000,SRC-7652
351,2,2023-24,445860000,444320000,290350000,SRC-1257
352,5,2023-24,67380000,61420000,56850000,SRC-8444
353,6,2022-23,106040000,104930000,69080000,SRC-7731
354,6,2021-22,310400000,223150000,165990000,SRC-9574
355,6,2021-22,243550000,235030000,166170000,SRC-7897
356,7,2022-23,462870000,363500000,328960000,SRC-5699
357,2,2021-22,132300000,122170000,116320000,SRC-7058
358,3,2021-22,21820000,21070000,14340000,SRC-4898
359,4,2023-24,399200000,287520000,207070000,SRC-5937
360,2,2022-23,94250000,72180000,58770000,SRC-8074
361,6,2022-23,320210000,224490000,181970000,SRC-3947
