state,district,taluka,village,latitude,longitude
Andhra Pradesh,Andhra Pradesh Dist-14,Taluka-3,Village-8,11.135901,75.330835
Andhra Pradesh,Andhra Pradesh Dist-9,Taluka-10,Village-56,36.350622,78.292945
Andhra Pradesh,Andhra Pradesh Dist-18,Taluka-19,Village-161,26.460777,93.258647
Andhra Pradesh,Andhra Pradesh Dist-12,Taluka-11,Village-95,18.773904,87.799992
Andhra Pradesh,Andhra Pradesh Dist-11,Taluka-50,Village-199,10.033388,92.121374
Andhra Pradesh,Andhra Pradesh Dist-8,Taluka-48,Village-144,24.138137,89.989894
Andhra Pradesh,Andhra Pradesh Dist-22,Taluka-28,Village-153,10.255009,79.57615
Andhra Pradesh,Andhra Pradesh Dist-24,Taluka-47,Village-68,36.779132,90.415923
Andhra Pradesh,Andhra Pradesh Dist-11,Taluka-32,Village-5,11.666538,79.044952
Andhra Pradesh,Andhra Pradesh Dist-6,Taluka-17,Village-136,33.875045,80.759431
Andhra Pradesh,Andhra Pradesh Dist-8,Taluka-1,Village-19,29.068956,70.377902
Andhra Pradesh,Andhra Pradesh Dist-16,Taluka-27,Village-49,11.154313,87.481008
Andhra Pradesh,Andhra Pradesh Dist-7,Taluka-35,Village-115,12.493323,73.929409
Andhra Pradesh,Andhra Pradesh Dist-16,Taluka-31,Village-55,33.647792,94.419622
Andhra Pradesh,Andhra Pradesh Dist-7,Taluka-19,Village-56,36.686313,85.206638
Arunachal Pradesh,Arunachal Pradesh Dist-6,Taluka-5,Village-153,10.384457,93.261847
Arunachal Pradesh,Arunachal Pradesh Dist-9,Taluka-26,Village-34,28.013355,77.249917
Arunachal Pradesh,Arunachal Pradesh Dist-10,Taluka-11,Village-113,32.745353,88.750888
Arunachal Pradesh,Arunachal Pradesh Dist-22,Taluka-41,Village-68,23.157944,75.856956
Arunachal Pradesh,Arunachal Pradesh Dist-1,Taluka-8,Village-20,35.995487,88.394059
Assam,Assam Dist-7,Taluka-44,Village-64,27.874456,78.779841
Assam,Assam Dist-14,Taluka-43,Village-189,32.07388,76.303963
Assam,Assam Dist-7,Taluka-26,Village-85,16.535209,70.678492
Assam,Assam Dist-11,Taluka-28,Village-156,37.139687,71.995905
Assam,Assam Dist-10,Taluka-33,Village-80,27.873273,77.996213
Assam,Assam Dist-18,Taluka-1,Village-78,16.777881,80.951812
Assam,Assam Dist-25,Taluka-16,Village-173,17.464248,91.687042
Assam,Assam Dist-21,Taluka-45,Village-2,34.465667,93.222556
Assam,Assam Dist-5,Taluka-30,Village-171,23.909051,84.629371
Assam,Assam Dist-8,Taluka-18,Village-113,10.662514,76.843252
Assam,Assam Dist-18,Taluka-30,Village-107,10.218159,92.437398
Assam,Assam Dist-8,Taluka-18,Village-112,22.580746,79.78243
Assam,Assam Dist-2,Taluka-17,Village-98,17.958698,81.658931
Assam,Assam Dist-1,Taluka-16,Village-52,32.905482,86.408066
Bihar,Bihar Dist-20,Taluka-48,Village-184,11.74436,92.050083
Bihar,Bihar Dist-23,Taluka-50,Village-78,33.228563,85.811731
Bihar,Bihar Dist-14,Taluka-32,Village-28,21.058883,79.022359
Bihar,Bihar Dist-8,Taluka-6,Village-72,34.143631,75.650108
Bihar,Bihar Dist-9,Taluka-22,Village-72,34.105343,88.683737
Bihar,Bihar Dist-1,Taluka-6,Village-76,14.870615,88.415934
Bihar,Bihar Dist-4,Taluka-47,Village-50,17.614,89.87211
Bihar,Bihar Dist-2,Taluka-4,Village-142,16.93039,95.606554
Bihar,Bihar Dist-16,Taluka-8,Village-17,20.100657,70.811342
Bihar,Bihar Dist-15,Taluka-20,Village-151,37.308913,77.403337
Bihar,Bihar Dist-15,Taluka-45,Village-153,22.121444,69.630236
Bihar,Bihar Dist-8,Taluka-42,Village-39,34.925614,92.258988
Bihar,Bihar Dist-3,Taluka-39,Village-11,34.371148,89.634217
Bihar,Bihar Dist-6,Taluka-38,Village-112,26.935714,82.714185
Chhattisgarh,Chhattisgarh Dist-3,Taluka-21,Village-65,17.839595,96.350265
Chhattisgarh,Chhattisgarh Dist-15,Taluka-49,Village-14,14.343901,84.35276
Chhattisgarh,Chhattisgarh Dist-4,Taluka-42,Village-40,22.952565,89.123195
Chhattisgarh,Chhattisgarh Dist-7,Taluka-39,Village-131,30.191742,72.590488
Chhattisgarh,Chhattisgarh Dist-5,Taluka-29,Village-138,22.542768,78.174539
Chhattisgarh,Chhattisgarh Dist-16,Taluka-46,Village-98,19.6735,87.615132
Chhattisgarh,Chhattisgarh Dist-21,Taluka-10,Village-20,22.109126,96.322303
Chhattisgarh,Chhattisgarh Dist-18,Taluka-3,Village-159,10.397886,86.688089
Chhattisgarh,Chhattisgarh Dist-14,Taluka-10,Village-63,23.910056,84.82895
Chhattisgarh,Chhattisgarh Dist-15,Taluka-41,Village-66,21.819459,87.70496
Goa,Goa Dist-16,Taluka-7,Village-61,19.535837,78.930336
Goa,Goa Dist-24,Taluka-32,Village-74,31.051637,75.258374
Goa,Goa Dist-5,Taluka-6,Village-76,17.940198,80.541838
Goa,Goa Dist-11,Taluka-8,Village-120,36.516484,72.711575
Goa,Goa Dist-22,Taluka-48,Village-173,16.055113,79.559227
Goa,Goa Dist-14,Taluka-8,Village-36,9.724127,69.760546
Goa,Goa Dist-24,Taluka-47,Village-40,34.254082,87.365274
Goa,Goa Dist-21,Taluka-23,Village-16,20.025678,74.109544
Goa,Goa Dist-7,Taluka-15,Village-85,31.011562,91.176347
Goa,Goa Dist-11,Taluka-2,Village-45,16.148731,72.312618
Goa,Goa Dist-17,Taluka-15,Village-158,9.666259,91.021969
Goa,Goa Dist-23,Taluka-29,Village-19,34.65859,77.880187
Gujarat,Gujarat Dist-21,Taluka-42,Village-197,24.498989,93.366531
Gujarat,Gujarat Dist-11,Taluka-43,Village-66,19.32959,73.050209
Gujarat,Gujarat Dist-2,Taluka-38,Village-144,24.801155,87.795378
Gujarat,Gujarat Dist-18,Taluka-24,Village-30,30.668084,85.06185
Gujarat,Gujarat Dist-22,Taluka-26,Village-18,12.54274,86.745402
Gujarat,Gujarat Dist-19,Taluka-39,Village-22,34.193592,73.134027
Gujarat,Gujarat Dist-25,Taluka-33,Village-30,18.479047,71.860359
Gujarat,Gujarat Dist-25,Taluka-9,Village-196,15.86117,78.051487
Gujarat,Gujarat Dist-13,Taluka-48,Village-11,21.137612,81.802996
Gujarat,Gujarat Dist-20,Taluka-30,Village-177,35.257277,71.211702
Gujarat,Gujarat Dist-17,Taluka-13,Village-199,18.601758,89.430305
Gujarat,Gujarat Dist-25,Taluka-37,Village-195,25.320468,88.112304
Gujarat,Gujarat Dist-9,Taluka-38,Village-15,18.676713,70.814434
Gujarat,Gujarat Dist-19,Taluka-42,Village-49,17.788581,82.255427
Haryana,Haryana Dist-12,Taluka-19,Village-100,20.336066,78.343464
Haryana,Haryana Dist-3,Taluka-38,Village-170,12.529709,78.669892
Haryana,Haryana Dist-23,Taluka-48,Village-176,35.043481,71.36341
Haryana,Haryana Dist-3,Taluka-19,Village-26,23.22454,84.083467
Haryana,Haryana Dist-15,Taluka-3,Village-106,19.037543,89.208192
Haryana,Haryana Dist-25,Taluka-19,Village-200,19.550675,83.732604
Haryana,Haryana Dist-17,Taluka-8,Village-73,10.849154,73.268902
Haryana,Haryana Dist-13,Taluka-6,Village-96,14.956532,77.782519
Haryana,Haryana Dist-9,Taluka-14,Village-39,24.425084,89.426191
Haryana,Haryana Dist-16,Taluka-39,Village-138,8.879912,83.388208
Himachal Pradesh,Himachal Pradesh Dist-17,Taluka-35,Village-130,31.36324,83.167244
Himachal Pradesh,Himachal Pradesh Dist-3,Taluka-23,Village-62,29.801878,86.605323
Himachal Pradesh,Himachal Pradesh Dist-6,Taluka-9,Village-17,29.308516,95.592747
Himachal Pradesh,Himachal Pradesh Dist-2,Taluka-49,Village-166,13.98022,78.873764
Himachal Pradesh,Himachal Pradesh Dist-16,Taluka-24,Village-133,16.188244,71.054428
Himachal Pradesh,Himachal Pradesh Dist-23,Taluka-29,Village-90,21.456186,89.41421
Himachal Pradesh,Himachal Pradesh Dist-20,Taluka-44,Village-113,9.41613,70.616151
Himachal Pradesh,Himachal Pradesh Dist-11,Taluka-42,Village-72,15.68866,71.933285
Himachal Pradesh,Himachal Pradesh Dist-4,Taluka-9,Village-19,21.599646,94.312352
Himachal Pradesh,Himachal Pradesh Dist-12,Taluka-33,Village-58,11.943784,74.427941
Himachal Pradesh,Himachal Pradesh Dist-14,Taluka-50,Village-105,32.44151,70.801895
Jharkhand,Jharkhand Dist-2,Taluka-8,Village-133,12.868052,73.392727
Jharkhand,Jharkhand Dist-18,Taluka-6,Village-129,27.116833,85.566541
Jharkhand,Jharkhand Dist-21,Taluka-35,Village-75,27.143693,77.309682
Jharkhand,Jharkhand Dist-23,Taluka-21,Village-188,37.250282,78.543061
Jharkhand,Jharkhand Dist-20,Taluka-27,Village-64,36.510427,94.415859
Jharkhand,Jharkhand Dist-15,Taluka-16,Village-56,25.433648,70.086757
Jharkhand,Jharkhand Dist-2,Taluka-37,Village-144,14.083935,84.466853
Jharkhand,Jharkhand Dist-20,Taluka-33,Village-103,23.002275,69.991146
Jharkhand,Jharkhand Dist-20,Taluka-21,Village-42,19.874274,86.270264
Jharkhand,Jharkhand Dist-11,Taluka-44,Village-29,37.013023,85.335511
Jharkhand,Jharkhand Dist-22,Taluka-16,Village-9,25.119052,88.664846
Jharkhand,Jharkhand Dist-5,Taluka-34,Village-54,24.777894,97.146502
Karnataka,Karnataka Dist-16,Taluka-13,Village-64,16.546987,77.207226
Karnataka,Karnataka Dist-4,Taluka-37,Village-174,24.261174,94.229173
Karnataka,Karnataka Dist-7,Taluka-35,Village-70,35.644299,88.540882
Karnataka,Karnataka Dist-18,Taluka-11,Village-105,27.46447,93.798453
Karnataka,Karnataka Dist-14,Taluka-12,Village-10,37.517417,80.014345
Karnataka,Karnataka Dist-17,Taluka-30,Village-70,14.030093,71.910433
Karnataka,Karnataka Dist-21,Taluka-26,Village-110,23.446195,71.172026
Kerala,Kerala Dist-21,Taluka-24,Village-178,15.300035,87.731904
Kerala,Kerala Dist-16,Taluka-10,Village-117,30.233857,85.96356
Kerala,Kerala Dist-23,Taluka-24,Village-20,35.183545,71.897951
Kerala,Kerala Dist-15,Taluka-4,Village-117,12.252775,80.5396
Kerala,Kerala Dist-2,Taluka-5,Village-121,9.326658,80.352708
Kerala,Kerala Dist-12,Taluka-8,Village-46,37.391126,79.902171
Kerala,Kerala Dist-5,Taluka-18,Village-49,35.772383,89.363182
Kerala,Kerala Dist-24,Taluka-3,Village-103,21.217714,84.083155
Kerala,Kerala Dist-10,Taluka-18,Village-16,24.656169,85.562513
Kerala,Kerala Dist-10,Taluka-25,Village-48,30.42895,82.195286
Madhya Pradesh,Madhya Pradesh Dist-8,Taluka-17,Village-53,18.043679,70.953507
Madhya Pradesh,Madhya Pradesh Dist-25,Taluka-38,Village-186,28.006355,74.884971
Madhya Pradesh,Madhya Pradesh Dist-8,Taluka-36,Village-83,31.045005,79.54886
Madhya Pradesh,Madhya Pradesh Dist-12,Taluka-21,Village-106,9.734891,93.326418
Madhya Pradesh,Madhya Pradesh Dist-25,Taluka-32,Village-186,27.137478,82.681974
Maharashtra,Maharashtra Dist-2,Taluka-5,Village-172,9.81662,68.881939
Maharashtra,Maharashtra Dist-16,Taluka-2,Village-2,23.940605,80.423147
Maharashtra,Maharashtra Dist-7,Taluka-40,Village-135,15.770611,78.801571
Maharashtra,Maharashtra Dist-13,Taluka-25,Village-97,24.538882,70.299276
Maharashtra,Maharashtra Dist-2,Taluka-15,Village-55,34.71717,88.4302
Maharashtra,Maharashtra Dist-19,Taluka-10,Village-193,32.36417,92.095718
Maharashtra,Maharashtra Dist-23,Taluka-47,Village-21,23.023151,96.468215
Manipur,Manipur Dist-15,Taluka-32,Village-59,18.789687,95.522571
Manipur,Manipur Dist-13,Taluka-21,Village-93,11.511287,68.848064
Manipur,Manipur Dist-12,Taluka-36,Village-24,25.830197,91.056504
Manipur,Manipur Dist-9,Taluka-20,Village-69,22.799219,70.503114
Manipur,Manipur Dist-10,Taluka-1,Village-102,18.100743,86.375477
Manipur,Manipur Dist-10,Taluka-48,Village-178,26.880752,96.281248
Meghalaya,Meghalaya Dist-7,Taluka-29,Village-75,32.673429,70.671022
Meghalaya,Meghalaya Dist-16,Taluka-38,Village-103,24.003528,95.019629
Meghalaya,Meghalaya Dist-11,Taluka-28,Village-28,8.707995,76.074044
Meghalaya,Meghalaya Dist-1,Taluka-31,Village-27,17.026621,94.935605
Meghalaya,Meghalaya Dist-3,Taluka-20,Village-12,32.057429,71.97993
Meghalaya,Meghalaya Dist-13,Taluka-41,Village-48,13.842498,87.433275
Meghalaya,Meghalaya Dist-25,Taluka-46,Village-17,25.258559,91.485817
Meghalaya,Meghalaya Dist-21,Taluka-21,Village-153,19.748266,79.887504
Meghalaya,Meghalaya Dist-4,Taluka-16,Village-79,11.814908,79.339223
Meghalaya,Meghalaya Dist-6,Taluka-32,Village-74,12.496659,77.66553
Meghalaya,Meghalaya Dist-22,Taluka-32,Village-107,29.136157,81.349775
Mizoram,Mizoram Dist-17,Taluka-8,Village-147,11.734834,90.790721
Mizoram,Mizoram Dist-12,Taluka-6,Village-113,33.666482,72.045502
Mizoram,Mizoram Dist-23,Taluka-19,Village-75,25.123879,95.843324
Mizoram,Mizoram Dist-5,Taluka-16,Village-38,29.17273,92.311731
Mizoram,Mizoram Dist-17,Taluka-48,Village-72,28.685346,93.703545
Mizoram,Mizoram Dist-7,Taluka-32,Village-69,17.827662,76.782403
Mizoram,Mizoram Dist-6,Taluka-29,Village-117,8.419737,96.003905
Mizoram,Mizoram Dist-13,Taluka-41,Village-79,29.59886,90.224116
Mizoram,Mizoram Dist-11,Taluka-8,Village-109,28.665705,82.314457
Nagaland,Nagaland Dist-17,Taluka-37,Village-3,26.221322,73.377322
Nagaland,Nagaland Dist-25,Taluka-8,Village-151,29.716267,78.718766
Nagaland,Nagaland Dist-17,Taluka-39,Village-131,13.908478,79.864904
Nagaland,Nagaland Dist-5,Taluka-25,Village-146,20.689215,84.271152
Nagaland,Nagaland Dist-23,Taluka-26,Village-22,27.103689,84.023178
Nagaland,Nagaland Dist-23,Taluka-28,Village-187,36.240097,75.501166
Odisha,Odisha Dist-16,Taluka-23,Village-134,23.502907,92.141446
Odisha,Odisha Dist-19,Taluka-41,Village-20,22.887509,83.257284
Odisha,Odisha Dist-1,Taluka-16,Village-12,22.175526,79.614915
Odisha,Odisha Dist-8,Taluka-34,Village-12,36.259119,70.664403
Odisha,Odisha Dist-20,Taluka-16,Village-119,19.15359,96.397946
Odisha,Odisha Dist-1,Taluka-49,Village-169,19.387225,89.735356
Odisha,Odisha Dist-9,Taluka-6,Village-12,35.301213,94.272693
Odisha,Odisha Dist-5,Taluka-16,Village-75,16.020935,77.677754
Odisha,Odisha Dist-15,Taluka-30,Village-81,20.270167,83.97385
Odisha,Odisha Dist-3,Taluka-46,Village-64,36.67728,79.992967
Odisha,Odisha Dist-5,Taluka-8,Village-4,10.20074,90.95736
Odisha,Odisha Dist-5,Taluka-6,Village-85,11.977808,95.554999
Punjab,Punjab Dist-9,Taluka-18,Village-115,34.195975,69.687509
Punjab,Punjab Dist-7,Taluka-42,Village-135,15.675114,97.031487
Punjab,Punjab Dist-6,Taluka-2,Village-82,25.835798,69.535149
Punjab,Punjab Dist-8,Taluka-37,Village-100,18.760295,92.617834
Punjab,Punjab Dist-7,Taluka-32,Village-139,17.42435,82.677438
Punjab,Punjab Dist-5,Taluka-22,Village-184,13.581828,91.569097
Punjab,Punjab Dist-4,Taluka-22,Village-78,17.820014,96.512029
Punjab,Punjab Dist-6,Taluka-47,Village-1,36.104613,95.737898
Punjab,Punjab Dist-3,Taluka-16,Village-89,37.085486,73.484791
Punjab,Punjab Dist-13,Taluka-29,Village-188,20.653874,73.440646
Punjab,Punjab Dist-15,Taluka-5,Village-9,17.011332,77.783432
Punjab,Punjab Dist-1,Taluka-28,Village-168,13.217918,94.057968
Rajasthan,Rajasthan Dist-10,Taluka-20,Village-61,11.200745,79.897713
Rajasthan,Rajasthan Dist-21,Taluka-19,Village-21,22.228263,71.992004
Rajasthan,Rajasthan Dist-15,Taluka-3,Village-68,21.24042,76.206923
Rajasthan,Rajasthan Dist-13,Taluka-34,Village-108,36.596329,88.281436
Rajasthan,Rajasthan Dist-25,Taluka-29,Village-45,36.112595,73.464196
Rajasthan,Rajasthan Dist-13,Taluka-36,Village-102,24.519982,93.113789
Rajasthan,Rajasthan Dist-19,Taluka-50,Village-26,31.343772,93.423045
Rajasthan,Rajasthan Dist-13,Taluka-10,Village-159,26.172734,88.469346
Sikkim,Sikkim Dist-10,Taluka-20,Village-72,33.01112,93.159691
Sikkim,Sikkim Dist-21,Taluka-6,Village-49,21.298125,94.732835
Sikkim,Sikkim Dist-25,Taluka-34,Village-146,9.245286,74.193758
Sikkim,Sikkim Dist-1,Taluka-16,Village-96,22.672573,81.413948
Sikkim,Sikkim Dist-8,Taluka-42,Village-58,28.188701,76.368882
Tamil Nadu,Tamil Nadu Dist-13,Taluka-23,Village-118,15.758362,82.000893
Tamil Nadu,Tamil Nadu Dist-9,Taluka-41,Village-84,33.555555,76.142687
Tamil Nadu,Tamil Nadu Dist-16,Taluka-19,Village-67,34.881818,80.231068
Tamil Nadu,Tamil Nadu Dist-6,Taluka-43,Village-143,13.689167,71.481687
Tamil Nadu,Tamil Nadu Dist-9,Taluka-38,Village-76,21.94181,72.056772
Tamil Nadu,Tamil Nadu Dist-14,Taluka-37,Village-118,12.582145,93.278227
Tamil Nadu,Tamil Nadu Dist-25,Taluka-11,Village-126,31.328158,90.922945
Tamil Nadu,Tamil Nadu Dist-7,Taluka-47,Village-96,36.142004,94.122182
Tamil Nadu,Tamil Nadu Dist-3,Taluka-3,Village-77,36.095131,81.6939
Tamil Nadu,Tamil Nadu Dist-8,Taluka-15,Village-187,37.158482,74.718922
Tamil Nadu,Tamil Nadu Dist-1,Taluka-4,Village-177,11.781063,81.362957
Tamil Nadu,Tamil Nadu Dist-20,Taluka-45,Village-36,20.629712,94.310725
Telangana,Telangana Dist-6,Taluka-3,Village-141,22.893558,74.619279
Telangana,Telangana Dist-24,Taluka-7,Village-66,27.214634,81.71741
Telangana,Telangana Dist-25,Taluka-3,Village-3,33.278363,87.605618
Telangana,Telangana Dist-9,Taluka-25,Village-177,33.23961,91.497124
Telangana,Telangana Dist-12,Taluka-40,Village-8,33.587213,93.778582
Telangana,Telangana Dist-23,Taluka-44,Village-135,30.811839,85.134497
Tripura,Tripura Dist-21,Taluka-11,Village-130,33.186291,92.978328
Tripura,Tripura Dist-15,Taluka-29,Village-147,21.484479,93.112793
Tripura,Tripura Dist-18,Taluka-14,Village-168,28.007052,95.785121
Tripura,Tripura Dist-4,Taluka-49,Village-169,14.875016,78.428678
Tripura,Tripura Dist-15,Taluka-13,Village-184,18.26766,90.278756
Tripura,Tripura Dist-25,Taluka-12,Village-178,25.293788,89.519098
Tripura,Tripura Dist-13,Taluka-22,Village-76,21.623095,72.501097
Tripura,Tripura Dist-12,Taluka-44,Village-34,37.054996,87.227462
Tripura,Tripura Dist-14,Taluka-1,Village-134,11.508938,79.554804
Tripura,Tripura Dist-18,Taluka-3,Village-92,32.169566,71.62068
Tripura,Tripura Dist-2,Taluka-1,Village-191,15.739161,86.386008
Tripura,Tripura Dist-24,Taluka-33,Village-31,19.414188,80.912473
Tripura,Tripura Dist-2,Taluka-50,Village-161,26.375773,87.563871
Uttar Pradesh,Uttar Pradesh Dist-12,Taluka-15,Village-55,27.769367,78.135396
Uttar Pradesh,Uttar Pradesh Dist-4,Taluka-25,Village-66,24.17493,76.760626
Uttar Pradesh,Uttar Pradesh Dist-3,Taluka-14,Village-172,26.781823,74.775491
Uttar Pradesh,Uttar Pradesh Dist-15,Taluka-46,Village-85,9.50628,70.787569
Uttar Pradesh,Uttar Pradesh Dist-1,Taluka-25,Village-173,11.854528,68.868119
Uttar Pradesh,Uttar Pradesh Dist-22,Taluka-2,Village-122,12.964645,74.966173
Uttar Pradesh,Uttar Pradesh Dist-18,Taluka-6,Village-79,14.533544,89.830769
Uttar Pradesh,Uttar Pradesh Dist-25,Taluka-36,Village-119,27.224496,70.78462
Uttar Pradesh,Uttar Pradesh Dist-10,Taluka-40,Village-18,34.683463,77.756899
Uttar Pradesh,Uttar Pradesh Dist-12,Taluka-9,Village-174,29.802806,93.719746
Uttarakhand,Uttarakhand Dist-24,Taluka-41,Village-20,29.640821,94.124998
Uttarakhand,Uttarakhand Dist-13,Taluka-15,Village-198,25.616342,93.129178
Uttarakhand,Uttarakhand Dist-6,Taluka-12,Village-145,36.102385,87.493279
Uttarakhand,Uttarakhand Dist-12,Taluka-25,Village-121,35.202737,93.824231
Uttarakhand,Uttarakhand Dist-19,Taluka-42,Village-20,23.486557,79.42537
Uttarakhand,Uttarakhand Dist-8,Taluka-5,Village-132,27.189528,74.728237
Uttarakhand,Uttarakhand Dist-14,Taluka-2,Village-63,9.659814,85.044366
Uttarakhand,Uttarakhand Dist-24,Taluka-47,Village-170,32.382057,95.696735
Uttarakhand,Uttarakhand Dist-24,Taluka-44,Village-88,35.332677,85.701201
Uttarakhand,Uttarakhand Dist-16,Taluka-40,Village-154,9.539868,91.040245
Uttarakhand,Uttarakhand Dist-14,Taluka-24,Village-12,28.77117,80.925254
Uttarakhand,Uttarakhand Dist-7,Taluka-1,Village-182,30.114454,68.902751
West Bengal,West Bengal Dist-12,Taluka-40,Village-71,37.360521,80.027443
West Bengal,West Bengal Dist-5,Taluka-43,Village-31,30.236174,81.427954
West Bengal,West Bengal Dist-3,Taluka-10,Village-121,35.435164,81.108257
West Bengal,West Bengal Dist-6,Taluka-41,Village-127,21.217984,74.448656
West Bengal,West Bengal Dist-9,Taluka-50,Village-103,18.711328,79.961579
West Bengal,West Bengal Dist-13,Taluka-37,Village-2,16.024339,80.303337
West Bengal,West Bengal Dist-15,Taluka-25,Village-145,22.521993,75.633288
West Bengal,West Bengal Dist-12,Taluka-34,Village-138,8.683917,92.417046
West Bengal,West Bengal Dist-24,Taluka-44,Village-49,22.970781,74.390496
West Bengal,West Bengal Dist-1,Taluka-49,Village-139,36.373398,92.868302
West Bengal,West Bengal Dist-14,Taluka-31,Village-139,9.350829,78.597735
West Bengal,West Bengal Dist-9,Taluka-12,Village-141,16.075192,76.378135
West Bengal,West Bengal Dist-22,Taluka-15,Village-26,29.447811,91.616496
West Bengal,West Bengal Dist-16,Taluka-20,Village-65,24.814443,84.883284
West Bengal,West Bengal Dist-1,Taluka-27,Village-32,18.651842,88.068197
Andaman and Nicobar Islands,Andaman and Nicobar Islands Dist-20,Taluka-19,Village-119,26.845996,72.828178
Andaman and Nicobar Islands,Andaman and Nicobar Islands Dist-11,Taluka-21,Village-168,16.907606,76.322963
Andaman and Nicobar Islands,Andaman and Nicobar Islands Dist-24,Taluka-16,Village-170,15.748093,89.900447
Andaman and Nicobar Islands,Andaman and Nicobar Islands Dist-20,Taluka-10,Village-22,27.521114,93.935933
Andaman and Nicobar Islands,Andaman and Nicobar Islands Dist-16,Taluka-30,Village-139,35.697841,84.33354
Andaman and Nicobar Islands,Andaman and Nicobar Islands Dist-16,Taluka-35,Village-59,31.897467,81.293019
Andaman and Nicobar Islands,Andaman and Nicobar Islands Dist-16,Taluka-20,Village-3,30.763381,91.441996
Andaman and Nicobar Islands,Andaman and Nicobar Islands Dist-13,Taluka-15,Village-68,10.712924,86.521706
Andaman and Nicobar Islands,Andaman and Nicobar Islands Dist-23,Taluka-40,Village-126,13.883452,69.252769
Andaman and Nicobar Islands,Andaman and Nicobar Islands Dist-11,Taluka-27,Village-80,31.34318,82.904279
Chandigarh,Chandigarh Dist-13,Taluka-1,Village-32,36.858276,89.068452
Chandigarh,Chandigarh Dist-13,Taluka-44,Village-80,35.737485,73.220426
Chandigarh,Chandigarh Dist-1,Taluka-11,Village-71,25.473148,79.980537
Chandigarh,Chandigarh Dist-21,Taluka-4,Village-16,18.781116,73.086675
Chandigarh,Chandigarh Dist-23,Taluka-25,Village-92,29.552455,75.844843
Chandigarh,Chandigarh Dist-24,Taluka-30,Village-71,33.735726,85.762378
Dadra and Nagar Haveli and Daman and Diu,Dadra and Nagar Haveli and Daman and Diu Dist-6,Taluka-2,Village-159,33.419415,90.816472
Dadra and Nagar Haveli and Daman and Diu,Dadra and Nagar Haveli and Daman and Diu Dist-10,Taluka-21,Village-105,27.114395,71.848228
Dadra and Nagar Haveli and Daman and Diu,Dadra and Nagar Haveli and Daman and Diu Dist-16,Taluka-34,Village-160,28.878369,75.994248
Dadra and Nagar Haveli and Daman and Diu,Dadra and Nagar Haveli and Daman and Diu Dist-18,Taluka-48,Village-107,32.403174,91.336113
Dadra and Nagar Haveli and Daman and Diu,Dadra and Nagar Haveli and Daman and Diu Dist-7,Taluka-34,Village-169,15.66388,86.521764
Dadra and Nagar Haveli and Daman and Diu,Dadra and Nagar Haveli and Daman and Diu Dist-13,Taluka-33,Village-87,27.599931,83.916164
Dadra and Nagar Haveli and Daman and Diu,Dadra and Nagar Haveli and Daman and Diu Dist-25,Taluka-36,Village-191,15.819403,96.107076
Delhi,Delhi Dist-23,Taluka-18,Village-142,23.329127,84.964044
Delhi,Delhi Dist-19,Taluka-26,Village-146,35.202149,89.62658
Delhi,Delhi Dist-14,Taluka-27,Village-31,33.797766,75.161454
Delhi,Delhi Dist-25,Taluka-39,Village-148,23.138097,75.02944
Delhi,Delhi Dist-5,Taluka-31,Village-144,14.184769,79.966586
Delhi,Delhi Dist-12,Taluka-23,Village-49,17.76556,85.625499
Delhi,Delhi Dist-22,Taluka-24,Village-40,30.525826,93.003778
Delhi,Delhi Dist-11,Taluka-14,Village-190,24.109759,74.508339
Delhi,Delhi Dist-15,Taluka-42,Village-3,10.344656,87.520626
Jammu and Kashmir,Jammu and Kashmir Dist-7,Taluka-33,Village-118,24.772076,89.005372
Jammu and Kashmir,Jammu and Kashmir Dist-21,Taluka-20,Village-61,37.483037,96.589753
Jammu and Kashmir,Jammu and Kashmir Dist-22,Taluka-40,Village-161,28.446481,80.594
Jammu and Kashmir,Jammu and Kashmir Dist-23,Taluka-46,Village-135,34.959231,80.956832
Jammu and Kashmir,Jammu and Kashmir Dist-10,Taluka-29,Village-191,35.666041,94.182708
Jammu and Kashmir,Jammu and Kashmir Dist-22,Taluka-2,Village-92,10.720683,90.925048
Jammu and Kashmir,Jammu and Kashmir Dist-2,Taluka-27,Village-196,36.6894,95.0749
Jammu and Kashmir,Jammu and Kashmir Dist-13,Taluka-50,Village-11,26.151555,92.193363
Jammu and Kashmir,Jammu and Kashmir Dist-18,Taluka-26,Village-189,9.546147,79.740839
Jammu and Kashmir,Jammu and Kashmir Dist-21,Taluka-29,Village-24,29.501286,71.92539
Jammu and Kashmir,Jammu and Kashmir Dist-3,Taluka-17,Village-83,28.598149,94.55413
Jammu and Kashmir,Jammu and Kashmir Dist-17,Taluka-40,Village-41,19.457416,79.5473
Jammu and Kashmir,Jammu and Kashmir Dist-21,Taluka-12,Village-31,34.637424,96.072366
Jammu and Kashmir,Jammu and Kashmir Dist-16,Taluka-16,Village-56,25.59478,82.257792
Jammu and Kashmir,Jammu and Kashmir Dist-12,Taluka-3,Village-38,33.331815,87.709401
Ladakh,Ladakh Dist-24,Taluka-38,Village-93,35.599211,71.354099
Ladakh,Ladakh Dist-17,Taluka-27,Village-135,14.527485,74.657953
Ladakh,Ladakh Dist-19,Taluka-32,Village-134,29.692195,82.885622
Ladakh,Ladakh Dist-2,Taluka-22,Village-90,24.764133,86.868851
Ladakh,Ladakh Dist-19,Taluka-40,Village-8,32.695649,74.229444
Ladakh,Ladakh Dist-14,Taluka-48,Village-15,32.785087,77.231297
Lakshadweep,Lakshadweep Dist-21,Taluka-35,Village-43,25.072664,79.802639
Lakshadweep,Lakshadweep Dist-10,Taluka-14,Village-135,17.227694,71.898591
Lakshadweep,Lakshadweep Dist-11,Taluka-10,Village-197,33.85653,92.130948
Lakshadweep,Lakshadweep Dist-15,Taluka-3,Village-27,23.600869,87.481052
Lakshadweep,Lakshadweep Dist-6,Taluka-18,Village-30,8.845496,86.453931
Lakshadweep,Lakshadweep Dist-11,Taluka-35,Village-114,9.881205,69.526292
Lakshadweep,Lakshadweep Dist-12,Taluka-20,Village-86,32.269306,89.017613
Lakshadweep,Lakshadweep Dist-8,Taluka-15,Village-37,33.544011,86.282849
Lakshadweep,Lakshadweep Dist-25,Taluka-23,Village-155,25.180605,83.176565
Lakshadweep,Lakshadweep Dist-13,Taluka-5,Village-88,14.480554,88.480706
Lakshadweep,Lakshadweep Dist-19,Taluka-39,Village-119,17.90104,71.483136
Lakshadweep,Lakshadweep Dist-5,Taluka-38,Village-194,26.975078,68.705254
Lakshadweep,Lakshadweep Dist-22,Taluka-20,Village-112,29.359504,94.780861
Lakshadweep,Lakshadweep Dist-10,Taluka-2,Village-61,21.006093,85.51967
Puducherry,Puducherry Dist-14,Taluka-10,Village-74,37.525716,87.796883
Puducherry,Puducherry Dist-5,Taluka-42,Village-107,33.516461,94.1671
Puducherry,Puducherry Dist-14,Taluka-39,Village-2,25.275804,92.833911
Puducherry,Puducherry Dist-24,Taluka-47,Village-135,37.12051,96.734549
Puducherry,Puducherry Dist-2,Taluka-22,Village-137,31.132992,82.062761
Puducherry,Puducherry Dist-21,Taluka-31,Village-149,13.337114,70.171167
Puducherry,Puducherry Dist-24,Taluka-8,Village-155,13.498724,85.565449
Puducherry,Puducherry Dist-3,Taluka-10,Village-153,35.671102,73.093284
Puducherry,Puducherry Dist-21,Taluka-17,Village-194,32.330305,70.196911
Puducherry,Puducherry Dist-10,Taluka-29,Village-98,28.212007,96.110238
Puducherry,Puducherry Dist-22,Taluka-48,Village-62,29.841953,85.478642
